task_id,probs,runtime,support,stderr
1,"[0.05, 0.2, 0.25, 0.45, 0.05]",3.150404214859009,"[2, 3, 4, 5, 6]",
2,"[0.15, 0.45, 0.4]",3.107309579849243,"[5, 6, 7]",
3,"[0.10000000000000002, 0.6, 0.29999999999999993]",3.068061351776123,"[5, 6, 7]",
4,"[0.05, 0.15, 0.6, 0.2]",3.399435043334961,"[4, 5, 6, 7]",
5,"[0.05, 0.95]",2.5359995365142822,"[6, 7]",
6,"[0.4, 0.6]",3.571199893951416,"[6, 7]",
7,"[0.15, 0.10000000000000002, 0.55, 0.2]",3.2525246143341064,"[3, 4, 5, 6]",
8,[1],2.379061460494995,[7],
