task_id,probs,runtime,support,stderr
1,"[0.05, 0.29999999999999993, 0.55, 0.10000000000000002]",3.254875421524048,"[1, 2, 3, 4]",
2,"[0.95, 0.05]",3.106132984161377,"[1, 2]",
